epoch,time,train/box_loss,train/seg_loss,train/cls_loss,train/dfl_loss,train/sem_loss,metrics/precision(B),metrics/recall(B),metrics/mAP50(B),metrics/mAP50-95(B),metrics/precision(M),metrics/recall(M),metrics/mAP50(M),metrics/mAP50-95(M),val/box_loss,val/seg_loss,val/cls_loss,val/dfl_loss,val/sem_loss,lr/pg0,lr/pg1,lr/pg2
1,62.9873,0.65728,1.09761,1.2853,0.97525,0,0.88206,0.60541,0.77431,0.60516,0.88667,0.61435,0.78013,0.59637,0.71226,1.41669,1.72662,0.99938,0,0.000657895,0.000657895,0.000657895
2,120,0.67633,1.01688,0.82526,0.98653,0,0.84594,0.83042,0.89089,0.70903,0.81301,0.79809,0.82616,0.54538,0.72341,2.28053,0.93008,1.01731,0,0.00128085,0.00128085,0.00128085
3,176.016,0.68323,0.99866,0.75809,0.99512,0,0.78317,0.83636,0.84014,0.64523,0.79533,0.8487,0.85066,0.63589,0.7546,1.50054,1.28149,1.07485,0,0.00185981,0.00185981,0.00185981
4,231.785,0.67828,1.00355,0.70687,0.99549,0,0.83231,0.845,0.90058,0.72366,0.84051,0.85199,0.90632,0.68845,0.70814,1.73599,0.74168,1.04301,0,0.001802,0.001802,0.001802
5,286.319,0.64148,0.93592,0.63941,0.98596,0,0.85269,0.88993,0.91474,0.75573,0.8635,0.89145,0.92027,0.75315,0.64707,1.15008,0.65343,0.99397,0,0.001736,0.001736,0.001736
6,342.701,0.63721,0.93583,0.63274,0.98396,0,0.8476,0.87232,0.90997,0.73257,0.85093,0.87575,0.91046,0.7442,0.68356,1.15137,0.72947,1.00807,0,0.00167,0.00167,0.00167
7,397.793,0.61315,0.89026,0.59329,0.97127,0,0.86168,0.88453,0.92915,0.7729,0.86775,0.88756,0.93364,0.76754,0.60237,1.08849,0.60323,0.98231,0,0.001604,0.001604,0.001604
8,453.112,0.58918,0.85309,0.56974,0.96411,0,0.87804,0.89607,0.94368,0.80537,0.88114,0.90234,0.94765,0.81662,0.57718,0.84714,0.54825,0.94863,0,0.001538,0.001538,0.001538
9,507.559,0.56953,0.8045,0.54796,0.95476,0,0.84938,0.92093,0.93679,0.79001,0.86022,0.9195,0.94171,0.80638,0.57544,0.88537,0.55009,0.9594,0,0.001472,0.001472,0.001472
10,563.499,0.56948,0.81176,0.5407,0.95258,0,0.86839,0.90168,0.93841,0.8087,0.87654,0.90135,0.94429,0.81515,0.55469,0.83948,0.54034,0.9452,0,0.001406,0.001406,0.001406
11,619.707,0.56608,0.81079,0.52796,0.95181,0,0.86346,0.91172,0.94065,0.81421,0.86426,0.9195,0.94231,0.79289,0.54129,0.96856,0.51964,0.94162,0,0.00134,0.00134,0.00134
12,674.577,0.55655,0.79107,0.53096,0.94864,0,0.85529,0.90135,0.93252,0.80358,0.86423,0.90933,0.93897,0.81771,0.542,0.87063,0.5333,0.93722,0,0.001274,0.001274,0.001274
13,729.508,0.53888,0.78257,0.52167,0.94319,0,0.86707,0.9168,0.94447,0.82241,0.87997,0.91686,0.95059,0.83801,0.51473,0.74363,0.48529,0.92852,0,0.001208,0.001208,0.001208
14,784.82,0.52649,0.76038,0.4974,0.93574,0,0.87018,0.93102,0.95036,0.82979,0.8763,0.93491,0.95644,0.85062,0.51671,0.72138,0.4795,0.93274,0,0.001142,0.001142,0.001142
15,839.424,0.52209,0.74163,0.4972,0.93363,0,0.86188,0.92435,0.94809,0.82873,0.87274,0.92643,0.95118,0.84296,0.50873,0.71246,0.49696,0.93074,0,0.001076,0.001076,0.001076
16,892.588,0.51397,0.72453,0.47873,0.93148,0,0.88305,0.9294,0.95313,0.83791,0.889,0.93566,0.95726,0.85011,0.49387,0.68487,0.44712,0.93236,0,0.00101,0.00101,0.00101
17,947.589,0.49614,0.69503,0.46406,0.92252,0,0.86852,0.92973,0.94789,0.83656,0.87682,0.93303,0.95354,0.85051,0.4879,0.72877,0.47155,0.9212,0,0.000944,0.000944,0.000944
18,1002.25,0.48983,0.71653,0.46621,0.92247,0,0.86586,0.94126,0.95109,0.83427,0.87078,0.94622,0.95595,0.84886,0.48852,0.71868,0.45584,0.92118,0,0.000878,0.000878,0.000878
19,1057.49,0.48586,0.70291,0.45226,0.92284,0,0.8702,0.93764,0.95276,0.8459,0.87571,0.94358,0.95987,0.8565,0.473,0.6737,0.44445,0.9148,0,0.000812,0.000812,0.000812
20,1111.2,0.48036,0.67157,0.45967,0.91629,0,0.86952,0.94061,0.95154,0.84299,0.87562,0.94721,0.95629,0.85128,0.47169,0.67565,0.43368,0.90471,0,0.000746,0.000746,0.000746
21,1166.58,0.4776,0.65441,0.44344,0.91436,0,0.88054,0.93137,0.9556,0.85034,0.88657,0.93863,0.95961,0.86483,0.46816,0.66725,0.42881,0.91354,0,0.00068,0.00068,0.00068
22,1221.47,0.47295,0.65731,0.44223,0.91497,0,0.87947,0.94605,0.95577,0.85387,0.8885,0.94908,0.96132,0.8685,0.45592,0.62884,0.41732,0.90794,0,0.000614,0.000614,0.000614
23,1274.2,0.45954,0.65335,0.42701,0.90986,0,0.87168,0.94581,0.95578,0.85462,0.8759,0.9501,0.9598,0.86959,0.45209,0.6129,0.41559,0.90836,0,0.000548,0.000548,0.000548
24,1329.18,0.45446,0.64763,0.4297,0.90693,0,0.88071,0.94226,0.95479,0.85517,0.88565,0.95084,0.96058,0.86555,0.45277,0.63058,0.40434,0.90886,0,0.000482,0.000482,0.000482
25,1383.6,0.44624,0.63758,0.41898,0.90252,0,0.88034,0.94556,0.95922,0.86193,0.8858,0.9515,0.96336,0.87675,0.44388,0.61853,0.39725,0.89783,0,0.000416,0.000416,0.000416
26,1433.08,0.41467,0.57188,0.3948,0.88195,0,0.87464,0.94787,0.95554,0.85831,0.88516,0.95104,0.96197,0.8736,0.44295,0.63683,0.41448,0.9017,0,0.00035,0.00035,0.00035
27,1477.68,0.40612,0.55209,0.38427,0.87924,0,0.88352,0.94391,0.95782,0.86216,0.89071,0.9519,0.9633,0.8747,0.43407,0.61156,0.39348,0.90257,0,0.000284,0.000284,0.000284
28,1521.85,0.39892,0.53884,0.37482,0.87884,0,0.88366,0.94622,0.95987,0.86301,0.89136,0.95447,0.96425,0.8768,0.43113,0.59926,0.38678,0.89514,0,0.000218,0.000218,0.000218
29,1566.57,0.39473,0.53244,0.37388,0.87468,0,0.8834,0.9549,0.96248,0.86869,0.8904,0.95711,0.96609,0.88194,0.42222,0.59416,0.37587,0.898,0,0.000152,0.000152,0.000152
30,1611.24,0.38134,0.52403,0.35817,0.86782,0,0.88445,0.95117,0.96288,0.8714,0.89507,0.95315,0.96667,0.88262,0.41679,0.58948,0.37264,0.89618,0,8.6e-05,8.6e-05,8.6e-05
